{
  "items": [
    {
      "id": "1",
      "name": "Couch",
      "description": "A beautiful antique couch in excellent shape.",
      "price": "$1299.99",
      "image": "./src/images/Antique-couch.jpg"
    },
    {
      "id": "2",
      "name": "Steel Kettle",
      "description": "Old styled kettle to give your kitchen that antique touch.",
      "price": "$29.99",
      "image": "./src/images/kettle.jpg"
    },
    {
      "id": "3",
      "name": "Modern Lamp",
      "description": "A beautiful lamp to light up your room.",
      "price": "$39.99",
      "image": "./src/images/lamp.jpg"
    },
    {
      "id": "4",
      "name": "Green Stool",
      "description": "A comfortable stool for your kitchen",
      "price": "$89.99",
      "image": "./src/images/Stool.jpg"
    },
    {
      "id": "5",
      "name": "Stainless steel Toaster",
      "description": "Beautiful stainless steel toaster.",
      "price": "$19.99",
      "image": "./src/images/toaster.jpg"
    },
    {
      "id": "6",
      "name": "Cute Table set",
      "description": "A perfect table set that has a few scuff marks.",
      "price": "$299.99",
      "image": "./src/images/table set.jpg"
    }
  ],
  "cart": []
}